id,last,first,team,years,extra
lang-001,Langer,,saint-marys-mn,2001,
22---001,22,,simon-fraser,2002,
cors-001,Corson,,st-olaf,2002,
konsm001,Konsti,Melissa,st-thomas-mn,2001|2002,
hyndk001,Hyndman,Katie,minn-morris,2001,
gemas001,Gemar,Stephanie,concordia-m'head,2001|2002,
albrj001,Albrecht,Jessica,st-catherine,2002,
herb-001,Herbers,,st-olaf,2002,
brakk001,Brakke,Kristina,concordia-m'head,2001|2002,
fred-001,Frederick,,st-olaf,2002,
hee--001,Hee,,pacific-or,2002,
lync-001,Lynch,,saint-marys-mn,2001|2002,
will-001,Wille,,cornell-college,2002,
stenr001,Stenger,Rachel,st-thomas-mn,2001,
herbt001,Herbers,Theresa,st-olaf,2001,
sara-001,Sarai,,pacific-or,2002,
4----001,4,,northwestern-stpaul,2001,
niel-001,Nielsen,,simon-fraser,2002,
ekho-001,Ekholm,,augsburg,2001,
eric-001,Erickson,,st-benedict,2001,
satr-001,Satre,,augsburg,2001,
robi-001,Robinson,,st-olaf,2002,
jorga001,Jorgensen,Amy,dana,2002,
fageh001,Fagerlie,Holly,northwestern-stpaul,2002,
gone-001,Gonerka,,saint-marys-mn,2001,
budz-001,Budzien,,st-benedict,2001,
zajim001,Zajic,Miriah,macalester,2001|2002,
ohm--001,Ohm,,st-olaf,2002,
istaa001,Ista,Amanda,st-olaf,2001,
gund-001,Gunderson,,carleton,2002,
boni-001,Bonine,,st-olaf,2002,
smitj001,Smith,Jackie,neb-wesleyan,2002,
ebanj001,Ebanks,Jenny,gust-adolphus,2001,
glas-001,Glass,,st-benedict,2002,
jels-001,Jelsing,,st-benedict,2001|2002,
carr-001,Carroll,,carleton,2002,
gunde001,Gunderson,Erin,concordia-m'head,2001|2002,
lallk001,Lallemont,Kari,bethel-mn,2001,
honn-001,Honnette,,carleton,2002,
wilss001,Wilson,Shyla,concordia-m'head,2002,
pete-001,Peters,,augsburg,2001,
thons001,Thonstad,Sheri,gust-adolphus,2001,
knigc001,Knight,Carla,dana,2002,
regej001,Regenscheid,Jamie,gust-adolphus,2001,
brecr001,Breckenridge,Rachel,st-catherine,2001,
bossm001,Boss,Mary,hamline,2001,
boys-001,Boys,,st-benedict,2002,
sancm001,Sanchez,Melissa,st-catherine,2001,
herir001,Hering,Rachel,martin-luther,2002,
munn-001,Munn,,saint-marys-mn,2001,
sawy-001,Sawyer,,st-benedict,2001|2002,
weill001,Weill,Liz,neb-wesleyan,2002,
14---001,14,,northwestern-stpaul,2001,
dezwm001,DeZwarte,Martha,northwestern-stpaul,2002,
websa001,Webster,Amaya,macalester,2001,
laura001,Lauridson,Angie,dana,2002,
ol--n001,Ol,Narith,macalester,2001|2002,
evane001,Evans,Emily,wis-river-falls,2002,
hueg-001,Huegel,,saint-marys-mn,2001,
cool-001,Cooley*,,st-olaf,2002,
pearm001,Pearson,Mandy,concordia-m'head,2002,
kessa001,Kessler,Addy,macalester,2001,
20---001,20,,northwestern-stpaul,2001,
dosc-001,Doschadis,,st-benedict,2002,
metcm001,Metcalf,Megan,concordia-m'head,2002,
jannb001,Janni,Beth,st-catherine,2001|2002,
pontn001,Ponticello,Nicole,neb-wesleyan,2002,
kine-001,Kiner,,cornell-college,2002,
jahn-001,Jahnke,,st-benedict,2002,
erich001,Erickson,Heidi,macalester,2001|2002,
barr-001,Barry,,carleton,2002,
sprok001,Sprole,Kathleen,macalester,2002,
irwic001,Irwin,Cari,simon-fraser,2002,
jord-001,Jordan,,st-benedict,2001|2002,
ottog001,Otto,Gloria,dana,2002,
ohm-m001,Ohm,Melissa,st-olaf,2001,
izzok001,Izzo,Katie,macalester,2001,
borac001,Boraas,Christy,st-olaf,2001,
bient001,Bieniek,Tracy,st-catherine,2002,
21---001,21,,northwestern-stpaul,2001,
full-001,Fuller,,cornell-college,2002,
free-001,Freeman,,carleton,2002,
klei-001,Klein,,pacific-or,2002,
compe001,Compstone,Erin,simon-fraser,2002,
deute001,Deuth,Emily,hamline,2001,
marth001,Martin,Heather,st-thomas-mn,2001|2002,
sabom001,Saboda,Michelle,neb-wesleyan,2002,
forsk001,Forsberg,Katie,st-olaf,2001,
shepm001,Shepherd,Meghan,gust-adolphus,2001,
smitf001,Smith,Fauna,carleton,2001,
blivm001,Bliven,McKensie,dana,2002,
bassn001,Bassing,Natalie,dana,2002,
berkm001,Berkowitz,Mollie,st-thomas-mn,2002,
baumh001,Bauman,Heather,bethel-mn,2001,
lee-s001,Lee,Stephanie,carleton,2001,
tambs001,Tamble,Stacy,st-thomas-mn,2001|2002,
dosck001,Doschadis,Kelli,st-catherine,2001,
hovd-001,Hovde,,saint-marys-mn,2001|2002,
11---001,11,,northwestern-stpaul,2001,
weimm001,Weimer,Mandy,neb-wesleyan,2002,
huscl001,Huschle,Lacey,minn-morris,2001,
schrt001,Schroeder,Terri,martin-luther,2002,
gougr001,Gough,Raina,macalester,2001,
kall-001,Kalland,,carleton,2002,
hovim001,Hovick,Meghan,st-thomas-mn,2001|2002,
13---001,13,,northwestern-stpaul,2001,
ferna001,Fernandez,Ana,st-catherine,2001|2002,
strig001,Stritesky,Gretta,concordia-m'head,2002,
nelmm001,Nelmark,Melissa,minn-morris,2001,
schir001,Schill,Rachel,simon-fraser,2002,
lamok001,Lamoureux,Krista,bethel-mn,2001,
dabee001,Dabelow,Erica,northwestern-stpaul,2002,
mcmol001,McMorrow,Licinia,macalester,2001|2002,
10---001,10,,northwestern-stpaul,2001,
berrm001,Berry,Michelle,simon-fraser,2002,
hend-001,Hendlin,,st-benedict,2002,
batek001,Bateman,Karrie,bethel-mn,2001,
heida001,Heidenreich,Avery,st-thomas-mn,2001,
wongm001,Wong,Michelle,st-thomas-mn,2002,
petea001,Peterson,Amanda,st-thomas-mn,2002,
bouwb001,Bouwman,Becky,concordia-m'head,2001|2002,
gebea001,Gebel,April,st-thomas-mn,2001,
robim001,Robinson,Molly,st-olaf,2001,
lars-001,Larsen,,st-olaf,2002,
schmk001,Schmidt,Kayla,st-thomas-mn,2001,
rebej001,Rebertus,Jolene,concordia-m'head,2002,
lemk-001,Lemke,,augsburg,2001,
rowlb001,Rowley,Betsy,gust-adolphus,2001,
chers001,Cherry,Sarah,st-olaf,2001,
hock-001,Hocking,,saint-marys-mn,2001,
brauk001,Braun,Kathy,concordia-m'head,2001|2002,
zillm001,Zillhardt,Marion,hamline,2001,
schek001,Scheuerlein,Kelly,martin-luther,2002,
dunkk001,Dunkel,Katia,carleton,2001,
blumt001,Blumer,Tiffany,wis-river-falls,2002,
moors001,Moore,Shannon,st-thomas-mn,2001|2002,
payed001,Payette,Danica,simon-fraser,2002,
berqk001,Berquam,Katy,gust-adolphus,2001,
stohn001,Stohovich,Nichole,minn-morris,2001,
mill-001,Miller,,saint-marys-mn,2002,
26---001,26,,minn-morris,2001,
kalla001,Kalland,Abby,carleton,2001,
huegk001,Huegel,Kristi,st-thomas-mn,2002,
dalem001,Dalen,Maggie,gust-adolphus,2001,
andej001,Anderson,Jillian,gust-adolphus,2001,
kluzk001,Kluzak,Karla,hamline,2001,
andr-001,Andreas,,pacific-or,2002,
rizz-001,Rizzardi,,saint-marys-mn,2001|2002,
flatj001,Flatau,Jill,concordia-m'head,2001|2002,
shep-001,Shepherd,,st-benedict,2002,
25---001,25,,minn-morris,2001,
fitzk001,Fitzpatrick,Kathleen,st-thomas-mn,2002,
espil001,Espinosa,Laura,carleton,2001,
amose001,Amos,Erin,neb-wesleyan,2002,
stor-001,Stork,,st-benedict,2001,
hablc001,Hable,Cheryl,st-thomas-mn,2002,
schrc001,Schrader,Cecily,carleton,2001,
stol-001,Stoll,,cornell-college,2002,
turbm001,Turbak,Melissa,wis-river-falls,2002,
coolc001,Cooley,Carrie,st-olaf,2001,
dunce001,Duncan,Erica,dana,2002,
lapil001,LaPine,Leah,northwestern-stpaul,2002,
collk001,Collyar,Kate,carleton,2001,
kurtl001,Kurtz,Liz,northwestern-stpaul,2002,
minn-001,Minnerath,,st-benedict,2001,
pons-001,Ponsolle,,st-benedict,2002,
zahnr001,Zahn,R,martin-luther,2002,
leasb001,Leasman,Beth,northwestern-stpaul,2002,
schr-001,Schrader,,carleton,2002,
keys-001,Keyser,,st-benedict,2002,
bowlm001,Bowlby,Mandy,st-thomas-mn,2001|2002,
lama-001,LaManna,,augsburg,2001,
grovh001,Grover,Hope,gust-adolphus,2001,
ray--001,Ray,,st-olaf,2002,
kola-001,Kolasa,,saint-marys-mn,2001|2002,
prim-001,Primus,,st-benedict,2001,
brooa001,Brooke,Amy,wis-river-falls,2002,
millj001,Miller,J.,saint-marys-mn,2001,
brint001,Brings,Tami,st-catherine,2002,
vondl001,Vonderploeg,Leah,wis-river-falls,2002,
hatla001,Hatleli,Andrea,st-olaf,2001,
jone-001,Jones,,pacific-or,2002,
schi-001,Schirmers,,st-benedict,2001|2002,
myer-001,Myers,,cornell-college,2002,
radnt001,Radniecki,Tara,minn-morris,2001,
grunc001,Grundtner,Clare,st-catherine,2001|2002,
larsm001,Larsen,Meredith,st-olaf,2001,
portv001,Porter,Venda,hamline,2001,
isaab001,Isaacson,Betheny,northwestern-stpaul,2002,
robic001,Robinson,Christina,neb-wesleyan,2002,
rosss001,Rossiter,Shannon,simon-fraser,2002,
lavij001,LaViolette,Jill,martin-luther,2002,
heldk001,Heldt,Kim,martin-luther,2002,
----e001,,Emily,wis-river-falls,2002,
dillc001,Diller,Christina,gust-adolphus,2001,
rossj001,Rossini,Julia,hamline,2001,
herbs001,Herby,Sarah,st-olaf,2001,
olsom001,Olson,Misty,minn-morris,2001,
simot001,Simon,Tracy,macalester,2001,
thomk001,Thompson,Katie,gust-adolphus,2001,
hagec001,Hagen,Christina,concordia-m'head,2001,
lundk001,Lundeen,Kristin,bethel-mn,2001,
moenc001,Moen,Christine,concordia-m'head,2001,
freep001,Freeman,Phoenix,carleton,2001,
guldk001,Gulden,Kelly,st-catherine,2001|2002,
nguy-001,Nguyen,,carleton,2002,
gruds001,Grudnowski,Sarah,st-thomas-mn,2001,
smit-001,Smith,,saint-marys-mn,2001,
hjelk001,Hjelm,Karina,hamline,2001,
19---001,19,,northwestern-stpaul,2001,
storm001,Storey,Megan,carleton,2001,
mielc001,Mielke,Claire,gust-adolphus,2001,
5----001,5,,northwestern-stpaul,2001,
somac001,Soma,Chris,macalester,2001|2002,
kellk001,Kellen,Kayla,concordia-m'head,2001,
fitzc001,Fitzpatrick,Colleen,st-thomas-mn,2002,
jasta001,Jastrow,Angie,martin-luther,2002,
johns001,Johnson,Stacie,concordia-m'head,2001|2002,
portl001,Porter,Lindsey,bethel-mn,2001,
singb001,Singleton,Beth,neb-wesleyan,2002,
baume001,Bauman,Emily,st-thomas-mn,2001,
lembs001,Lembcke,Sara,minn-morris,2001,
foskb001,Foskett,Becky,bethel-mn,2001,
harbn001,Harberts,Nikki,wis-river-falls,2002,
keglk001,Kegler,Krystal,gust-adolphus,2001,
meye-001,Meyer,,saint-marys-mn,2001,
albes001,Alberhasky,Sarah,northwestern-stpaul,2002,
conoe001,Conover,Emily,bethel-mn,2001,
sjog-001,Sjogren,,cornell-college,2002,
mcki-001,McKinley,,st-olaf,2002,
chrig001,Christenson,Grete,st-olaf,2001,
bode-001,Bodeen,,st-benedict,2001,
munz-001,Munzenmaier,,saint-marys-mn,2001|2002,
licha001,Lichty,Angela,simon-fraser,2002,
wortj001,Worthington,Jessica,concordia-m'head,2002,
rigg-001,Riggs,,dana,2002,
limb-001,Limberg,,saint-marys-mn,2001,
lee--001,Lee,,augsburg,2001,
ordoj001,Ordos,Jennifer,minn-morris,2001,
haal-001,Haaland*,,st-olaf,2002,
hess-001,Hesse,,st-benedict,2002,
wallr001,Wall,Rachel,bethel-mn,2001,
olsoh001,Olson,Holly,wis-river-falls,2002,
12---001,12,,northwestern-stpaul,2001,
rewis001,Rewitzer,Stella,minn-morris,2001,
melil001,Melius,Lisa,concordia-m'head,2001,
mosec001,Moses,Christina,st-olaf,2001,
pedem001,Pedersen,Meghan,macalester,2001|2002,
espi-001,Espinosa,,carleton,2002,
bauel001,Bauer,Lisa,macalester,2002,
sela-001,Selander,,augsburg,2001,
rath-001,Rathburn,,pacific-or,2002,
poula001,Poulter,Anna,wis-river-falls,2002,
graye001,Gray,Erin,martin-luther,2002,
rekok001,Rekonen,Kellie,carleton,2001,
chavj001,Chavez,Jaclyn,macalester,2001,
johnm001,Johnson,Megan,concordia-m'head,2001|2002,
holms001,Holm,Sarah,gust-adolphus,2001,
haalk001,Haaland,Kirsten,st-olaf,2001,
sweea001,Sweeney,Andrea,st-thomas-mn,2002,
grubt001,Gruber,Tanna,northwestern-stpaul,2002,
bergj001,Bergren,Jen,northwestern-stpaul,2002,
oboym001,O'Boyle,Meghan,st-thomas-mn,2001|2002,
mackc001,Mackey,Carie,hamline,2001,
dykh-001,Dykhoff,,st-benedict,2002,
bredp001,Bredemus,Patty,st-catherine,2001|2002,
stevp001,Stevens,Paige,simon-fraser,2002,
pontj001,Pontius,Jill,concordia-m'head,2001,
quiga001,Quigley,Amanda,minn-morris,2001,
cols-001,Colson,,st-olaf,2002,
caha-001,Cahanes,,saint-marys-mn,2002,
lotta001,Lottie,Anne,minn-morris,2001,
langj001,Langenfeld,Julie,gust-adolphus,2001,
lide-001,Lideen,,augsburg,2001,
adamc001,Adams,Caitlin,macalester,2002,
dorna001,Dorn,Adrienne,macalester,2001|2002,
mullm001,Mulligan,Meghann,wis-river-falls,2002,
conw-001,Conway,,saint-marys-mn,2002,
corm-001,Cormican,,saint-marys-mn,2002,
sinka001,Sinkel,Alex,hamline,2001,
promj001,Prom,Jessica,macalester,2001,
korbj001,Korba,Jennifer,st-catherine,2002,
kochc001,Koch,Cynthia,dana,2002,
rohra001,Rohrbach,Allyson,st-thomas-mn,2002,
1----001,1,,northwestern-stpaul,2001,
shan-001,Shannon,,pacific-or,2002,
beckl001,Becker,Lindsey,wis-river-falls,2002,
pott-001,Potts,,st-benedict,2002,
whitj001,White,Jamie,dana,2002,
wilkr001,Wilkens,Rachel,martin-luther,2002,
blas-001,Blaser,,saint-marys-mn,2001,
taylk001,Taylor,Kristine,simon-fraser,2002,
carra001,Carroll,Andrea,carleton,2001,
sandj001,Sanders,Jamie,dana,2002,
monte001,Montoya,Elisha,macalester,2002,
lohm-001,Lohmann,,saint-marys-mn,2001|2002,
henn-001,Hennes,,pacific-or,2002,
keena001,Keene,Abby,wis-river-falls,2002,
schas001,Scharf,Sarah,martin-luther,2002,
23---001,23,,northwestern-stpaul,2001,
batoj001,Batol,Jamie,neb-wesleyan,2002,
spie-001,Spiess,,augsburg,2001,
18---001,18,,northwestern-stpaul,2001,
eple-001,Epley,,dana,2002,
armsj001,Armstrong,Jessica,macalester,2002,
engld001,Englehorn,Danielle,concordia-m'head,2001,
stail001,Staiger,Lisa,macalester,2001,
chri-001,Christenson*,,st-olaf,2002,
biscb001,Bisciglia,Beth,hamline,2001,
mantk001,Manty,Kiija,macalester,2001,
meisk001,Meister,Kristin,minn-morris,2001,
pitl-001,Pitlik,,cornell-college,2002,
horne001,Horne,Erin,hamline,2001,
kassr001,Kassulke,Rachel,martin-luther,2002,
givej001,Givens,Jami,neb-wesleyan,2002,
sokoa001,Sokol,Anna,macalester,2001|2002,
utecg001,Utecht,Gina,st-thomas-mn,2001|2002,
thome001,Thomas,Erin,simon-fraser,2002,
schia001,Schindeldecker,Amanda,concordia-m'head,2001,
haaln001,Haala,Natalia,st-thomas-mn,2001|2002,
9----001,9,,northwestern-stpaul,2001,
layee001,Layer,Emily,minn-morris,2001,
2----001,2,,northwestern-stpaul,2001,
stodk001,Stodolka,Kate,st-catherine,2001,
colsr001,Colson,Rachel,st-olaf,2001,
weis-001,Weis,,st-benedict,2001|2002,
gessb001,Gessler,Beth,hamline,2001,
richm001,Richards,Michelle,st-olaf,2001,
tessa001,Tessar,Andrea,gust-adolphus,2001,
zahnj001,Zahn,Jamie,martin-luther,2002,
honna001,Honnette,Alyssa,carleton,2001,
seifa001,Seifert,Alisha,macalester,2002,
worm-001,Worm,,st-benedict,2001|2002,
rickk001,Rick,Kendra,st-olaf,2001,
biehm001,Biehn,Molly,gust-adolphus,2001,
fredk001,Frederick,Kelly,st-olaf,2001,
fors-001,Forsberg,,st-olaf,2002,
hilgb001,Hilgert,Becky,st-thomas-mn,2001|2002,
wagek001,Wager,Kara,bethel-mn,2001,
beckj001,Beckman,Jen,st-thomas-mn,2001,
hudse001,Hudson,Erika,northwestern-stpaul,2002,
beacc001,Beach,Cristin,macalester,2001|2002,
beeda001,Beedle,Alicia,northwestern-stpaul,2002,
hell-001,Heller,,dana,2002,
kras-001,Kraszewski,,saint-marys-mn,2001,
jonec001,Jones,Cara,carleton,2001,
stewb001,Steward,Beth,bethel-mn,2001,
tunnt001,Tunney,Tallerita,macalester,2002,
mcca-001,McCabe,,st-benedict,2001,
milll001,Miller,Lindsay,hamline,2001,
mckia001,McKinley,Alex,st-olaf,2001,
hoodl001,Hood,Leah,macalester,2002,
stohh001,Stohs,Heather,concordia-m'head,2001,
thom-001,Thomas,,st-olaf,2002,
urba-001,Urbanski,,st-olaf,2002,
bate-001,Batey,,pacific-or,2002,
klin-001,Klingaman,,cornell-college,2002,
decrj001,DeCrans,Joan,st-catherine,2001|2002,
cursc001,Curson,Casey,st-thomas-mn,2001,
mame-001,Mamer,,saint-marys-mn,2002,
wynnk001,Wynn,Krista,minn-morris,2001,
nguyl001,Nguyen,Ly,carleton,2001,
molie001,Moline,Erin,northwestern-stpaul,2002,
kron-001,Kronschnabel,,augsburg,2001,
twee-001,Tweeten,,augsburg,2001,
youn-001,Young,,pacific-or,2002,
